Площадь,_скв.;Глубина,_м;Возраст;Литология;Tmax;ТОС;Kглинистости;HI
Западно-Кубалахская_359;2335,1;J3;аргиллиты_темно-серые_до_черных;429;1,7;0,295668;153
Западно-Кубалахская_359;2336,1;J3;аргиллиты_темно-серые_до_черных;431;1,3;0,259003;125
Западно-Кубалахская_359;2337,1;J3;аргиллиты_темно-серые_до_черных;431;1,44;0,30578;103
Западно-Кубалахская_359;2338,35;J3;аргиллиты_темно-серые_до_черных;432;1,4;0,354326;96
Западно-Кубалахская_359;2339,35;J3;аргиллиты_темно-серые_до_черных;436;1,57;0,258101;101
Западно-Кубалахская_359;2340,35;J3;аргиллиты_темно-серые_до_черных;435;1,42;0,317519;100
Западно-Кубалахская_359;2341,4;J3;аргиллиты_темно-серые_до_черных;434;1,28;0,286706;85
Западно-Кубалахская_359;2342,4;J3;аргиллиты_темно-серые_до_черных;432;1,4;0,180332;84
Западно-Кубалахская_359;2343,4;J3;аргиллиты_темно-серые_до_черных;432;1,56;0,207098;104
Западно-Кубалахская_359;2344,4;J3;аргиллиты_темно-серые_до_черных;431;1,6;0,282991;104
Западно-Кубалахская_359;2404;J3;аргиллиты_темно-серые_до_черных;432;1,04;0,380878;61
Западно-Кубалахская_359;2405;J3;аргиллиты_темно-серые_до_черных;434;2,53;0,443751;65
Западно-Кубалахская_359;2406;J3;аргиллиты_темно-серые_до_черных;431;1,48;0,419573;53
Западно-Кубалахская_359;2407;J3;аргиллиты_темно-серые_до_черных;433;1,65;0,372795;67
Западно-Кубалахская_359;2408;J3;аргиллиты_темно-серые_до_черных;433;1,09;0,406766;67
Западно-Кубалахская_359;2410,1;J3;аргиллиты_темно-серые_до_черных;429;0,88;0,419383;50
Западно-Кубалахская_359;2411,1;J3;аргиллиты_темно-серые_до_черных;427;0,82;0,396226;40
Западно-Кубалахская_359;2412,1;J3;аргиллиты_темно-серые_до_черных;434;0,94;0,446564;57
Западно-Кубалахская_359;2413,1;J3;аргиллиты_темно-серые_до_черных;431;0,87;0,433662;56
Западно-Кубалахская_359;2414,1;J3;аргиллиты_темно-серые_до_черных;428;0,77;0,431691;49
Западно-Кубалахская_359;2557,1;J3;аргиллиты_темно-серые_;428;1,06;0,346682;60
Западно-Кубалахская_359;2770;J3;аргиллиты_темно-серые_;435;1,75;0,136344;94
Западно-Кубалахская_359;2771;J3;аргиллиты_темно-серые_;435;1,59;0,188629;82
Западно-Кубалахская_359;2772;J3;аргиллиты_темно-серые_;434;1,42;0,276356;89
Западно-Кубалахская_359;2773;J3;аргиллиты_темно-серые_;435;1,57;0,250742;90
Западно-Кубалахская_359;2774;J3;аргиллиты_темно-серые_;434;1,59;0,309175;81
Западно-Кубалахская_359;2775,5;J3;аргиллиты_темно-серые_;434;1,56;0,359715;90
Западно-Кубалахская_359;2776,1;J3;аргиллиты_темно-серые_;434;1,44;0,310148;83
Западно-Кубалахская_359;2784;J3;аргиллиты_темно-серые_;435;1,72;0,280261;84
Западно-Кубалахская_359;2785,5;J3;аргиллиты_темно-серые_;434;1,54;0,330421;90
Западно-Кубалахская_359;2787;J3;аргиллиты_темно-серые_;434;1,48;0,231442;81
Западно-Кубалахская_359;2788,5;J3;аргиллиты_темно-серые_;434;1,55;0,302588;83
Западно-Кубалахская_359;2790;J3;аргиллиты_темно-серые_;436;1,48;0,130374;83
Западно-Кубалахская_359;2793;J3;аргиллиты_темно-серые_;431;0,46;0,235074;63
Западно-Кубалахская_359;2794,5;J3;аргиллиты_темно-серые_;429;0,57;0,234813;56
Западно-Кубалахская_359;2796;J3;аргиллиты_темно-серые_;431;0,81;0,314979;64
Западно-Кубалахская_359;2797,5;J3;аргиллиты_темно-серые_;433;0,74;0,265258;74
Западно-Кубалахская_359;2799;J3;аргиллиты_темно-серые_;432;0,67;0,326504;75
Западно-Кубалахская_359;2800,5;J3;аргиллиты_темно-серые_;431;0,65;0,352404;68
Западно-Кубалахская_359;2802;J3;аргиллиты_темно-серые_;434;0,82;0,355703;77
Западно-Кубалахская_359;2875;J3;аргиллиты_темно-серые_;432;0,78;0,453282;88
Западно-Кубалахская_359;2876,5;J3;аргиллиты_темно-серые_;433;0,77;0,483347;90
Западно-Кубалахская_359;2878;J3;аргиллиты_темно-серые_;434;1,1;0,448107;106
Западно-Кубалахская_359;2879,5;J3;аргиллиты_темно-серые_;436;0,89;0,431679;106
Западно-Кубалахская_359;2881;J3;аргиллиты_темно-серые_;432;1,51;0,409662;83
Западно-Кубалахская_359;2882,5;J3;аргиллиты_темно-серые_;434;1,07;0,468285;116
Западно-Кубалахская_359;2884;J3;аргиллиты_темно-серые_;435;1,58;0,418647;80
Западно-Кубалахская_359;2885,5;J3;аргиллиты_темно-серые_;432;1,01;0,450718;111
Западно-Кубалахская_359;2887;J3;аргиллиты_темно-серые_;432;0,84;0,413674;113
Западно-Кубалахская_359;2888,5;J3;аргиллиты_темно-серые_;433;0,86;0,430303;113
Западно-Кубалахская_359;2890;J3;аргиллиты_темно-серые_;433;0,89;0,424059;109
Западно-Кубалахская_359;2890,5;J3;аргиллиты_темно-серые_;434;0,66;0,462991;89
Западно-Кубалахская_359;2891;J3;аргиллиты_темно-серые_;431;0,77;0,496546;53
Западно-Кубалахская_359;2892;J3;аргиллиты_темно-серые_;432;1,24;0,424226;98
Западно-Кубалахская_359;2893;J3;аргиллиты_темно-серые_;433;1,25;0,52749;99
Западно-Кубалахская_359;2894;J3;аргиллиты_темно-серые_;433;1,22;0,504071;110
Западно-Кубалахская_359;2895;J3;аргиллиты_темно-серые_;434;0,81;0,410148;121
Западно-Кубалахская_359;2896,5;J3;аргиллиты_темно-серые_;433;1,44;0,384226;99
Западно-Кубалахская_359;2897,5;J3;аргиллиты_темно-серые_;433;1,31;0,486576;143
Западно-Кубалахская_359;2899;J3;аргиллиты_темно-серые_;434;1,43;0,432712;122
Западно-Кубалахская_359;2900;J2ml;аргиллиты_серые_;434;1,48;0,3826;111
Западно-Кубалахская_359;2904,7;J2ml;аргиллиты_темно-серые,_буроватые;434;1,39;0,272126;117
Западно-Кубалахская_359;2908,3;J2ml;аргиллиты_темно-серые,_буроватые;433;1,29;0,295212;115
Западно-Кубалахская_359;2910,4;J2ml;аргиллиты_темно-серые,_буроватые;431;1,79;0,348857;131
Западно-Кубалахская_359;2914,2;J2ml;аргиллиты_темно-серые,_буроватые;429;1,88;0,340243;150
Западно-Кубалахская_359;2915,3;J2ml;аргиллиты_темно-серые,_буроватые;431;1,48;0,292437;106
Западно-Кубалахская_359;2950;J2ml;аргиллиты_темно-серые,_буроватые;431;2,66;0,301085;149
Западно-Кубалахская_359;2951,5;J2ml;аргиллиты_темно-серые,_буроватые;429;2,62;0,333518;188
Западно-Кубалахская_359;2953;J2ml;аргиллиты_темно-серые,_буроватые;430;3,31;0,327167;166
Западно-Кубалахская_359;2954,5;J2ml;аргиллиты_темно-серые,_буроватые;427;4,01;0,32727;160
Западно-Кубалахская_359;2956;J2ml;аргиллиты_темно-серые,_буроватые;427;2,98;0,512245;111
Западно-Кубалахская_359;2957,5;J2ml;аргиллиты_темно-серые,_буроватые;432;2,93;0,379162;160
Западно-Кубалахская_359;2959;J2ml;аргиллиты_темно-серые,_буроватые;428;2,86;0,262916;112
Западно-Кубалахская_359;2960,5;J2ml;аргиллиты_темно-серые,_буроватые;427;3,62;0,17333;163
Западно-Кубалахская_359;2961,5;J2ml;аргиллиты_темно-серые,_буроватые;429;3,64;0,407423;147
Западно-Кубалахская_359;2965;J2ml;аргиллиты_темно-серые,_буроватые;428;3,29;0,504754;154
Западно-Кубалахская_359;2966,5;J2ml;аргиллиты_темно-серые,_буроватые;430;3,37;0,310858;117
Западно-Кубалахская_359;2968;J2ml;аргиллиты_темно-серые,_буроватые;429;3,85;0,445848;147
Западно-Кубалахская_359;2971;J2ml;аргиллиты_темно-серые,_буроватые;431;3,21;0,25997;113
Западно-Кубалахская_359;2972,5;J2ml;аргиллиты_темно-серые,_буроватые;432;2,24;0,412632;151
Западно-Кубалахская_359;2980;J2ml;аргиллиты_темно-серые,_буроватые;429;3,29;0,411747;183
Западно-Кубалахская_359;2981,5;J2ml;аргиллиты_темно-серые,_буроватые;433;2,73;0,336055;100
Западно-Кубалахская_359;2983;J2ml;аргиллиты_темно-серые,_буроватые;430;3,13;0,38953;139
Западно-Кубалахская_359;2984,5;J2ml;аргиллиты_темно-серые,_буроватые;431;3,05;0,372488;142
Западно-Кубалахская_359;2986;J2ml;аргиллиты_темно-серые,_буроватые;435;1,74;0,398451;126
Западно-Кубалахская_359;2987,5;J2ml;аргиллиты_темно-серые,_буроватые;432;3,04;0,404937;117
Западно-Кубалахская_359;2989;J2ml;аргиллиты_темно-серые,_буроватые;431;2,66;0,362034;172
Западно-Кубалахская_359;2991;J2ml;аргиллиты_темно-серые,_буроватые;429;3,27;0,337161;193
Западно-Кубалахская_359;2994;J2ml;аргиллиты_темно-серые,_буроватые;433;2,54;0,340277;96
Западно-Кубалахская_359;2995,5;J2ml;аргиллиты_темно-серые,_буроватые;430;2,37;0,324631;138
Западно-Кубалахская_359;2997;J2ml;аргиллиты_темно-серые,_буроватые;434;1,68;0,464269;85
Западно-Кубалахская_359;2998,5;J2ml;аргиллиты_темно-серые,_буроватые;431;3,1;0,414982;129
Западно-Кубалахская_359;3000;J2ml;аргиллиты_темно-серые,_буроватые;430;2,97;0,525491;135
Западно-Кубалахская_359;3001,5;J2ml;аргиллиты_темно-серые,_буроватые;431;2,63;0,362528;113
Западно-Кубалахская_359;3003;J2ml;аргиллиты_темно-серые,_буроватые;427;1,89;0,388798;109
Западно-Кубалахская_359;3051,9;J2ml;аргиллиты_серо-бурые;434;2,26;0,518323;154
Западно-Кубалахская_359;3054,4;J2ml;аргиллиты_серо-бурые;432;1,72;0,497297;101
Западно-Кубалахская_359;3057,85;J2ml;аргиллиты_серо-бурые;434;0,64;0,590151;436
Западно-Кубалахская_359;3155,7;J2ml;аргиллиты_темно-серые,_буроватые;432;2,25;0,658489;147
Западно-Кубалахская_359;3157,7;J2ml;аргиллиты_темно-серые,_буроватые;436;1,14;0,512364;87
Западно-Кубалахская_359;3160,8;J2ml;аргиллиты_темно-серые,_буроватые;434;1,95;0,531058;174
Западно-Кубалахская_359;3602,2;J2ml;аргиллиты_т-серые,_алевритист;443;0,58;#ЧИСЛО!;59
Западно-Кубалахская_359;3603,96;J2ln;аргиллиты_т-серые,_алевритист;440;1,48;0,526818;128
Западно-Кубалахская_359;3605,5;J2ln;аргиллиты_т-серые,_алевритист;439;1,74;0,525695;112
Восточно-Кубалахская_357;2721;J2ml;аргиллиты_серые;428;0,74;0,542633;42
Восточно-Кубалахская_357;2722,5;J2ml;аргиллиты_серые;433;2,01;0,526983;106
Восточно-Кубалахская_357;2743,6;J2ml;аргиллиты_зеленовато-серые;433;3,28;0,513198;145
Восточно-Кубалахская_357;2745;J2ml;аргиллиты_зеленовато-серые;430;3,49;0,517684;118
Восточно-Кубалахская_357;2746,5;J2ml;алевролиты_серые;429;3,48;0,542893;156
Восточно-Кубалахская_357;2748;J2ml;алевролиты_серые;427;3,2;0,460757;75
Восточно-Кубалахская_357;2750;J2ml;алевролиты_серые;430;2,1;0,587401;99
Восточно-Кубалахская_357;2756,2;J2ml;алевролиты_серые;432;1,83;0,563017;97
Восточно-Кубалахская_357;2757,5;J2ml;алевролиты_серые;433;2,8;0,508655;146
Восточно-Кубалахская_357;2763,5;J2ml;аргиллиты_серые;431;3,52;0,597232;102
Восточно-Кубалахская_357;2765;J2ml;аргиллиты_серые;432;2,84;0,521932;126
Восточно-Кубалахская_357;2766,5;J2ml;аргиллиты_серые;433;3,12;0,583085;172
Восточно-Кубалахская_357;2768;J2ml;аргиллиты_серые;434;2,28;0,562836;110
Восточно-Кубалахская_357;2769,5;J2ml;аргиллиты_серые;434;2,84;0,609503;106
Восточно-Кубалахская_357;2771;J2ml;аргиллиты_серые;433;2,9;0,503684;106
Восточно-Кубалахская_357;2773;J2ml;аргиллиты_серые;433;2,39;0,559842;173
Восточно-Кубалахская_357;2774,5;J2ml;аргиллиты_серые;433;2,31;0,627977;89
Восточно-Кубалахская_357;2776;J2ml;аргиллиты_серые;433;2,74;0,593277;115
Восточно-Кубалахская_357;2777,5;J2ml;аргиллиты_серые;433;2,79;0,580723;94
Восточно-Кубалахская_357;2779;J2ml;аргиллиты_серые;431;2,93;0,611944;110
Восточно-Кубалахская_357;2919;J2ml;алевропелиты_серые;433;1,41;0,631491;107
Восточно-Кубалахская_357;2998,15;J2ml;аргиллиты_серые;433;1,53;0,634395;120
Восточно-Кубалахская_357;2998,65;J2ml;аргиллиты_серые;433;1,81;0,604045;150
Восточно-Кубалахская_357;3001,15;J2ml;алевролиты_серые;432;2,05;0,572655;167
Восточно-Кубалахская_357;3002,65;J2ml;алевролиты_серые;433;1,48;0,618497;145
Восточно-Кубалахская_357;3004,15;J2ml;алевролиты_серые;434;1,57;0,616113;129
Восточно-Кубалахская_357;3005,15;J2ml;алевролиты_серые;431;1,51;0,62661;124
Восточно-Кубалахская_357;3647,1;J2ld;алевролиты_серые;442;1,67;0,558644;195
Восточно-Кубалахская_357;3648,1;J2ld;алевролиты_серые;438;1,28;0,479164;148
Восточно-Кубалахская_357;3649,1;J2ld;алевролиты_серые;441;1,68;0,526689;171
Восточно-Кубалахская_357;3650,1;J2ld;алевролиты_серые;440;1,28;0,512949;148
Восточно-Кубалахская_357;3651,1;J2ld;алевролиты_серые;440;1,59;0,48304;136
Массоновская_363;4198;J3;аргиллит_т-серый_до_черного;444;5,67;0,485281;195
Массоновская_363;4198,3;J3;аргиллит_т-серый_до_черного;445;5,67;0,555247;202
Массоновская_363;4198,7;J3;аргиллит_т-серый_до_черного;446;5,98;0,46033;227
Массоновская_363;4199;J3;аргиллит_т-серый_до_черного;445;5,83;0,485281;164
Массоновская_363;4199,3;J3;аргиллит_т-серый_до_черного;444;5,37;0,51538;139
Массоновская_363;4199,6;J3;аргиллит_т-серый_до_черного;443;4,9;0,560264;128
Массоновская_363;4199,9;J3;аргиллит_т-серый_до_черного;444;6,33;0,51538;165
Массоновская_363;4200,3;J3;аргиллит_т-серый_до_черного;447;7,86;0,510363;178
Массоновская_363;4200,8;J3;аргиллит_т-серый_до_черного;444;7,15;0,375446;196
Массоновская_363;4201,25;J3;аргиллит_т-серый_до_черного;442;5,98;0,245413;190
Массоновская_363;4201,75;J3;аргиллит_т-серый_до_черного;447;5,93;0,490297;205
Массоновская_363;4202,25;J3;аргиллит_т-серый_до_черного;442;9,24;0,54033;252
Массоновская_363;4202,75;J3;аргиллит_т-серый_до_черного;442;5,81;0,445413;175
Массоновская_363;4203,25;J3;аргиллит_т-серый_до_черного;445;9,04;0,510363;240
Массоновская_363;4203,75;J3;аргиллит_т-серый_до_черного;445;7,08;0,560264;225
Массоновская_363;4204,25;J3;аргиллит_т-серый_до_черного;445;5,24;0,490297;189
Массоновская_363;4204,67;J3;аргиллит_т-серый_до_черного;442;4,6;0,550231;157
Массоновская_363;4205,25;J3;аргиллит_т-серый_до_черного;445;4,68;0,495314;152
Массоновская_363;4205,75;J3;аргиллит_т-серый_до_черного;443;5,93;0,555247;148
Массоновская_363;4206,6;J3;аргиллит_т-серый_до_черного;444;7,18;0,455314;181
Массоновская_363;4207,05;J3;аргиллит_т-серый_до_черного;443;3,31;0,43538;74
Массоновская_363;4207,75;J3;аргиллит_т-серый_до_черного;447;6,66;0,485281;193
Массоновская_363;4208,25;J3;аргиллит_т-серый_до_черного;446;5,56;0,51538;184
Массоновская_363;4208,8;J3;аргиллит_т-серый_до_черного;444;6,8;0,550231;214
Массоновская_363;4209,15;J3;аргиллит_т-серый_до_черного;445;4,67;0,495314;188
Массоновская_363;4341;J3;аргиллит_т-серый,_алевритистый;449;0,62;0,700198;69
Массоновская_363;4342,45;J3;аргиллит_т-серый,_алевритистый;449;0,49;0,625214;53
Массоновская_363;4346,45;J3;аргиллит_т-серый,_алевритистый;448;0,5;0,800132;64
Кубалахская_1;1986;K1nch;аргиллит_алевритистый,_темно-серый;426;2,28;0,404267;68
Кубалахская_1;1987,5;K1nch;аргиллит_алевритистый,_темно-серый;433;2,73;0,444622;127
Кубалахская_1;1989;K1nch;аргиллит_алевритистый,_темно-серый;431;2,9;0,478222;140
Кубалахская_1;1990,5;K1nch;аргиллит_алевритистый,_темно-серый;431;2,73;0,478222;120
Кубалахская_1;1992;K1nch;аргиллит_алевритистый,_темно-серый;430;2,7;0,5792;106
Кубалахская_1;1993,5;K1nch;аргиллит_алевритистый,_темно-серый;429;2,91;0,505067;139
Кубалахская_1;1994;K1nch;аргиллит_алевритистый,_темно-серый;433;2,57;0,518578;149
Кубалахская_1;1995,5;K1nch;аргиллит_алевритистый,_темно-серый;433;2,49;0,498489;76
Кубалахская_1;1997;K1nch;аргиллит_алевритистый,_темно-серый;436;2,81;0,404267;103
Кубалахская_1;1998,5;K1nch;аргиллит_алевритистый,_темно-серый;432;2,79;0,424356;90
Кубалахская_1;2000;J3;аргиллит_алевритистый,_темно-серый;437;2,47;0,410844;80
Кубалахская_1;2001,5;J3;аргиллит_алевритистый,_темно-серый;435;2,58;0,310044;69
Кубалахская_1;2097,45;J3;аргиллит_темно-серый;432;2,42;0,310044;51
Кубалахская_1;2842,3;J2ln;аргиллит_темно-серый_до_черного;443;1,26;0,583023;117
Кубалахская_1;2843,8;J2ln;аргиллит_темно-серый_до_черного;438;1,36;0,533002;105
Кубалахская_1;2843,8;J2ln;аргиллит_темно-серый_до_черного;440;1,34;0,533002;109
Кубалахская_1;2845,3;J2ln;аргиллит_темно-серый_до_черного;440;1,49;0,551718;115
Кубалахская_1;2846,8;J2ln;аргиллит_темно-серый_до_черного;439;1,36;0,583023;109
Кубалахская_1;2847,7;J2ln;аргиллит_темно-серый_до_черного;434;1,33;0,595445;44
Кубалахская_1;2849,9;J2ln;аргиллит_темно-серый_до_черного;439;1,36;0,189151;93
Кубалахская_1;2851,4;J2ln;аргиллит_темно-серый_до_черного;439;1,64;0,670476;104
Кубалахская_1;2852,9;J2ln;аргиллит_темно-серый_до_черного;438;1,95;0,639172;114
Кубалахская_1;2854,4;J2ln;аргиллит_темно-серый_до_черного;438;1,69;0,65176;98
Кубалахская_1;2855,25;J2ln;аргиллит_темно-серый_до_черного;439;1,78;0,576729;109
Кубалахская_1;3154,5;J2vm-ld;алевролит_темно-серый;441;1,83;0,393872;150
Кубалахская_1;3156;J2vm-ld;алевролит_темно-серый;445;2,12;0,487619;175
Кубалахская_1;3156,7;J2vm-ld;алевролит_темно-серый;440;1,81;0,43147;175
Кубалахская_1;3157,6;J2vm-ld;алевролит_темно-серый;442;1,81;0,506335;149
Кубалахская_1;3167,1;J2vm-ld;аргиллит_темно-серый;443;1,43;0,437598;109
Кубалахская_1;3168,6;J2vm-ld;аргиллит_темно-серый;441;1,25;0,206377;120
Кубалахская_1;3170,1;J2vm-ld;аргиллит_темно-серый;443;1,36;0,256398;102
Кубалахская_1;3171,6;J2vm-ld;аргиллит_темно-серый;443;1,51;0,418882;141
Кубалахская_1;3173,1;J2vm-ld;аргиллит_темно-серый;441;1,04;0,443892;91
Кубалахская_1;3174,6;J2vm-ld;аргиллит_темно-серый;442;1,24;0,362567;107
Кубалахская_1;3176,1;J2vm-ld;аргиллит_темно-серый;443;0,69;0,387578;106
Кубалахская_1;3177,6;J2vm-ld;аргиллит_темно-серый;443;1,63;0,412588;136
Кубалахская_1;3181,9;J2vm-ld;аргиллит_темно-серый;443;1,02;0,362567;108
Кубалахская_1;3183,9;J2vm-ld;аргиллит_темно-серый;447;1,08;0,318841;106
Кубалахская_1;3185,4;J2vm-ld;аргиллит_темно-серый;446;1,46;0,400166;145
Кубалахская_1;3186,9;J2vm-ld;аргиллит_темно-серый;440;1,57;0,381449;139
Кубалахская_1;3188,3;J2vm-ld;аргиллит_темно-серый;442;1,73;0,43147;171
Кубалахская_1;3359;J1kt;пересл._алевролитов_и_аргиллитов;443;0,83;0,512629;123
Кубалахская_1;3360,5;J1kt;пересл._алевролитов_и_аргиллитов;443;0,73;0,375155;103
Кубалахская_1;3362;J1kt;пересл._алевролитов_и_аргиллитов;444;0,75;0,506335;115
Кубалахская_1;3488;J1kt;алевролит_серый_и_коричн;445;1,19;0,237681;112
Кубалахская_1;3489,4;J1kt;алевролит_серый_и_коричн;445;1,66;0,437598;148
Кубалахская_1;3490,3;J1kt;алевролит_серый_и_коричн;438;4,94;0,318841;270
Кубалахская_1;3491,8;J1kt;алевролит_серый_и_коричн;441;1,39;0,300124;113
Кубалахская_1;3493,3;J1kt;алевролит_серый_и_коричн;445;1,31;0,500207;129
Кубалахская_1;3494,8;J1kt;алевролит_серый_и_коричн;445;0,74;0,350145;91
Кубалахская_1;3496,3;J1kt;алевролит_серый_и_коричн;446;1,14;0,306418;125
Кубалахская_1;2113;J3;аргиллит_с_примесью_песчаника;433;;0,316622;53
Кубалахская_1;2113,5;J3;аргиллит_с_примесью_песчаника;437;;0,310044;56
Кубалахская_1;2114;J3;аргиллит_с_примесью_песчаника;436;;0,256178;59
Кубалахская_1;2114,5;J3;аргиллит_с_примесью_песчаника;440;;0,296533;60
Кубалахская_1;3195,1;J2vm-ld;пересл.алевроаргиллита_и_песч,_детрит;443;1,4;0,350145;124
Кубалахская_1;3196,5;J2vm-ld;пересл.алевроаргиллита_и_песч,_детрит;443;1,21;0,400166;122
Кубалахская_1;3198;J2vm-ld;пересл.алевроаргиллита_и_песч,_детрит;443;1,22;0,362567;124
Кубалахская_1;3200,5;J2vm-ld;пересл.алевроаргиллита_и_песч,_детрит;443;0,89;0,218965;102
Кубалахская_1;3202;J2vm-ld;пересл.алевроаргиллита_и_песч,_детрит;442;0,89;0,393872;128
Кубалахская_1;3203,4;J2vm-ld;пересл.алевроаргиллита_и_песч,_детрит;445;1,21;0,475197;122
Кубалахская_1;3209,3;J2vm-ld;пересл.алевроаргиллита_и_песч,_детрит;442;1,02;0,243809;117
Кубалахская_1;3210,65;J2vm-ld;пересл.алевроаргиллита_и_песч,_детрит;445;0,96;0,381449;115
Кубалахская_1;3212,05;J2vm-ld;пересл.алевроаргиллита_и_песч,_детрит;438;7,21;0,40646;264
Кубалахская_1;3213,55;J2vm-ld;пересл.алевроаргиллита_и_песч,_детрит;437;1,49;0,40646;201
Кубалахская_1;3215,35;J2vm-ld;пересл.алевроаргиллита_и_песч,_детрит;443;0,9;0,218965;118
Кубалахская_1;3220,15;J2vm-ld;пересл.алевроаргиллита_и_песч,_детрит;439;0,96;0,250104;118
Кубалахская_1;3221,65;J2vm-ld;пересл.алевроаргиллита_и_песч,_детрит;440;0,38;0,256398;92
Кубалахская_1;3223,15;J2vm-ld;пересл.алевроаргиллита_и_песч,_детрит;443;0,94;0,206377;121
Кубалахская_1;3224,5;J2vm-ld;пересл.алевроаргиллита_и_песч,_детрит;446;0,63;0,262692;75
Кубалахская_1;3225,2;J2vm-ld;пересл.алевроаргиллита_и_песч,_детрит;438;1,55;0,425176;125
Логатская_361;1695,9;K1bal;глина_темно-серая;435;3,45;0,40438;112
Логатская_361;1699,05;K1bal;глина_темно-серая;432;1,34;0,378338;127
Логатская_361;2030,75;J3;аргиллиты_темно-серые,_слабослюдистые;433;2,09;0,445454;113
Логатская_361;2031,76;J3;аргиллиты_темно-серые,_слабослюдистые;434;1,96;0,441888;96
Логатская_361;2032,77;J3;аргиллиты_темно-серые,_слабослюдистые;431;2,03;0,434905;110
Логатская_361;2034,08;J3;аргиллиты_темно-серые,_слабослюдистые;432;1,85;0,47844;113
Логатская_361;2035,77;J3;аргиллиты_темно-серые,_слабослюдистые;430;1,65;0,421185;102
Логатская_361;2037,23;J3;аргиллиты_темно-серые,_слабослюдистые;432;1,63;0,426074;101
Логатская_361;2039,48;J3;аргиллиты_темно-серые,_слабослюдистые;433;1,91;0,519733;114
Логатская_361;2040,95;J3;аргиллиты_темно-серые,_слабослюдистые;430;1,72;0,531972;81
Логатская_361;2042,18;J3;аргиллиты_темно-серые,_слабослюдистые;431;1,74;0,443509;91
Логатская_361;2310,2;J3;чередование_известняка_и_аргиллита_т-серого;434;0,57;0,518112;47
Логатская_361;2312,25;J3;чередование_известняка_и_аргиллита_т-серого;436;0,74;0,469504;66
Логатская_361;2314,1;J3;чередование_известняка_и_аргиллита_т-серого;438;1,19;0,424541;79
Логатская_361;2317,12;J3;аргиллит_темно-серый;435;0,76;0,523623;66
Логатская_361;2319,25;J3;аргиллит_темно-серый;436;0,97;0,572205;74
Логатская_361;2326,63;J3;чередование_глин_и_аргиллита;435;0,94;0,523973;69
Логатская_361;2331,93;J3;глина_т-серого_цвета_с_коричневатым_оттенком;436;1,08;0,579424;84
Логатская_361;2345,3;J3;глина_т-серого_цвета_с_коричневатым_оттенком;435;1,11;0,479588;70
Логатская_361;2556;J3;чередование_известняка_и_аргиллита_т-серого;435;0,29;0,422963;24
Логатская_361;2556,5;J3;чередование_известняка_и_аргиллита_т-серого;435;0,72;0,433661;39
Логатская_361;2556,95;J3;чередование_известняка_и_аргиллита_т-серого;437;0,64;0,465158;47
Логатская_361;2558,05;J3;чередование_известняка_и_аргиллита_т-серого;436;0,79;0,33945;76
Логатская_361;2558,53;J3;чередование_известняка_и_аргиллита_т-серого;434;1,31;0,359303;79
Логатская_361;2561,55;J3;чередование_известняка_и_аргиллита_т-серого;434;0,55;0,328332;56
Логатская_361;2562,18;J3;чередование_известняка_и_аргиллита_т-серого;432;0,62;0,301776;82
Логатская_361;2562,8;J3;чередование_известняка_и_аргиллита_т-серого;435;1,64;0,302039;105
Логатская_361;2860,17;J2;переслаивание_аргиллитов_и_алевролитов_серых;434;0,62;0,59147;48
Логатская_361;2862,17;J2;переслаивание_аргиллитов_и_алевролитов_серых;441;0,71;0,427759;86
Логатская_361;2879,83;J2ln;переслаивание_аргиллитов_и_алевролитов_серых;440;1,32;0,497583;100
Логатская_361;2880,9;J2;переслаивание_аргиллитов_и_алевролитов_серых;440;1,03;0,435735;92
Логатская_361;2886,15;J2;алевролиты_темно-серые,_плотные;435;0,66;0,579858;44
Логатская_361;2888,16;J2;алевролиты_темно-серые,_плотные;439;0,82;0,555705;70
Логатская_361;2890,03;J2;алевролиты_темно-серые,_плотные;440;0,8;0,554313;70
Логатская_361;2894,2;J2ln;аргиллиты_слабоалевритистые_темно-серые;438;1,25;0,546337;106
Логатская_361;2894,4;J2;аргиллиты_слабоалевритистые_темно-серые;439;0,97;0,594882;94
Логатская_361;2899,52;J2ln;аргиллиты_слабоалевритистые_темно-серые;440;1,1;0,58101;100
Логатская_361;2900,75;J2;аргиллиты_слабоалевритистые_темно-серые;437;0,75;0,710453;57
Логатская_361;2915,05;J2ln;алевролиты_темно-серые_;440;1,19;0,689847;92
Логатская_361;2915,9;J2;алевролиты_темно-серые_;441;1,11;0,618601;86
Логатская_361;2917,1;J2;алевролиты_темно-серые_;438;1,23;0,632413;59
Логатская_361;2925,7;J2;алевролиты_темно-серые_;440;1,21;0,619439;81
Логатская_361;3107,8;J2ld;аргиллиты_черные_плотные;430;1,76;0,518309;169
Логатская_361;3110,1;J2ld;аргиллиты_черные_плотные;434;1,21;0,601526;233
Логатская_361;3118,55;J2ld;пересл._аргиллитов_т-серых_и_алевролитов;436;0,56;0,54306;88
Логатская_361;3122,45;J2vm-ld;пересл._аргиллитов_т-серых_и_алевролитов;432;1,5;0,642798;169
Логатская_361;3130,65;J2vm-ld;аргиллиты_слабоалевритистые_т-серые;433;0,96;0,642694;79
Логатская_361;3142,65;J2vm-ld;аргиллиты_слабоалевритистые_т-серые;440;1,01;0,166539;116
Логатская_361;3144,3;J2vm-ld;аргиллиты_слабоалевритистые_т-серые;440;1;0,192563;128
Логатская_361;3146,3;J2vm-ld;аргиллиты_слабоалевритистые_т-серые;442;1,44;0,364998;149
Логатская_361;3149,9;J2vm-ld;аргиллиты_слабоалевритистые_т-серые;444;0,77;0,38122;109
Логатская_361;3199,25;J1kt;пересл._аргиллитов_т-серых_и_алевролитов_серых;443;0,34;0,319761;53
Логатская_361;3211,67;T;туфоконгломерат_темно-серый;441;0,28;0,304;43
Логатская_361;3212,08;T;туфоконгломерат_темно-серый;446;1,33;0,408339;48
Логатская_361;3258,7;T;аргиллиты_черные_плотные;435;1,39;0,061616;75
Аномальная_51;3415,2;K1sh;включ.черного_углистого_аргиллита_в_песчанике;430;1,51;0,17;52
Аномальная_51;3419,45;K1sh;аргиллит_темно-серый_алевритистый;434;0,96;0,12;50
Аномальная_51;3428;K1sh;аргиллит_темно-серый_алевритистый;435;3,84;1;199
Аномальная_51;3428,59;K1sh;аргиллит_темно-серый_алевритистый;432;3,36;0,94;166
Аномальная_51;3549,15;J2-K1gl;алевролиты_темно-серые,_глинистые;449;0,48;0,24;52
Аномальная_51;3549,68;J2-K1gl;алевролиты_темно-серые,_глинистые;448;0,47;0,28;62
Аномальная_51;3550,77;J2-K1gl;алевролиты_темно-серые,_глинистые;449;0,91;0,31;82
Аномальная_51;3552,2;J2-K1gl;алевролиты_темно-серые,_глинистые;448;1,38;0,29;97
Аномальная_51;3771,05;J2ln;аргиллиты_серые_до_темно-серых_;460;0,54;0,44;69
Аномальная_51;3773,05;J2ln;алевролиты_темно-серые,_глинистые;458;1,67;0,39;78
Аномальная_51;3775,05;J2ln;алевролиты_темно-серые,_глинистые;457;1,86;0,34;94
Аномальная_51;3775,67;J2ln;алевролиты_темно-серые,_глинистые;459;1,97;0,29;87
Аномальная_51;3777,4;J2ln;алевролиты_темно-серые,_глинистые;463;0,42;0,38;60
Аномальная_51;3778,4;J2ln;алевролиты_темно-серые,_глинистые;456;2,73;0,38;107
Аномальная_51;3780,85;J2ln;алевролиты_темно-серые,_глинистые;457;2,3;0,29;115
Аномальная_51;3786,37;J2ln;алевролиты_темно-серые,_глинистые;;0,25;0,3;
Аномальная_51;3789,1;J2ln;алевролиты_темно-серые,_глинистые;459;0,9;0,37;64
Аномальная_51;3791;J2ln;пересл._аргиллитов,_алевролитов_и_песчаников;457;2;0,41;103
Аномальная_51;3791,9;J2ln;пересл._аргиллитов,_алевролитов_и_песчаников;458;1,45;0,35;83
Аномальная_51;3794,3;J2ln;пересл._аргиллитов,_алевролитов_и_песчаников;461;3,05;0,45;78
Аномальная_51;3798,74;J2ln;пересл._аргиллитов,_алевролитов_и_песчаников;456;5,15;0,18;165
Аномальная_51;3801,78;J2ln;пересл._аргиллитов,_алевролитов_и_песчаников;460;1,13;0;75
Горчинская_1;2453,06;K1nch;алевролит_серый;445;0,78;0,5;136
Горчинская_1;2457,3;K1nch;алевролит_серый;434;0,38;0,57;84
Горчинская_1;2460,47;K1nch;алевролит_серый;437;0,48;0,68;108
Горчинская_1;2465,8;K1nch;аргиллит_алевритистый;436;0,47;0,65;104
Горчинская_1;2469;K1nch;аргиллит_алевритистый;443;0,51;0,61;118
Горчинская_1;2471,4;K1nch;аргиллит_алевритистый;;0,33;0,6;
Горчинская_1;2480,3;K1nch;аргиллит_алевритистый;426;0,35;0,31;106
Горчинская_1;2481,38;K1nch;аргиллит_алевритистый;431;0,43;0,36;123
Горчинская_1;2482,35;K1nch;аргиллит_алевритистый;437;0,36;0,27;128
Горчинская_1;2552,15;J3-K1jan;аргиллиты_тем-сер.;431;1,96;0,86;348
Горчинская_1;2552,35;J3-K1jan;аргиллиты_тем-сер.;431;1,88;0,89;320
Горчинская_1;2553,88;J3-K1jan;аргиллиты_тем-сер.;431;1,77;0,79;311
Горчинская_1;2554,65;J3-K1jan;аргиллиты_тем-сер.;427;1,74;0,84;157
Горчинская_1;2871,45;J3sg;аргиллиты_тем-сер.;439;2,14;0,35;171
Горчинская_1;2871,9;J3sg;аргиллиты_тем-сер.;436;1,17;0,34;122
Горчинская_1;2873,52;J3sg;аргиллиты_тем-сер.;439;1,61;0,33;142
Горчинская_1;2875,25;J3sg;аргиллиты_тем-сер.;435;1,41;0,32;148
Горчинская_1;2877,25;J3sg;аргиллиты_тем-сер.;439;1,57;0,3;136
Горчинская_1;2992,05;J2-3tc;аргиллиты_тем-сер._до_черных;441;0,9;0,44;96
Горчинская_1;2993,9;J2-3tc;аргиллиты_тем-сер._до_черных;443;1,14;0,44;105
Горчинская_1;2994,95;J2-3tc;аргиллиты_тем-сер._до_черных;439;1,09;0,44;116
Горчинская_1;3003,1;J2-3tc;аргиллиты_тем-сер._до_черных;441;1,37;0,46;142
Горчинская_1;3004,45;J2-3tc;аргиллиты_тем-сер._до_черных;440;1,04;0,46;107
Горчинская_1;3006;J2-3tc;аргиллиты_тем-сер._до_черных;442;0,81;0,46;99
Горчинская_1;3015,9;J2-3tc;аргиллиты_тем-сер._до_черных;441;0,81;0,48;114
Горчинская_1;3482,45;J2wm;алевролит_глинистый;452;1,14;0,55;96
Горчинская_1;3488,05;J2wm;алевролит_глинистый;455;1,55;0,4;82
Горчинская_1;3495,23;J2wm;алевролит_глинистый;450;0,87;0,35;89
Горчинская_1;3495,8;J2wm;алевролит_глинистый;453;2,02;0,35;101
Дерябинская,_5;2708,05;K1sh;аргиллит_темно-серый;434;1;0,351123;72
Дерябинская,_5;2709,1;K1sh;аргиллит_темно-серый;422;0,94;0,35818;97
Дерябинская,_5;2711,15;K1sh;алевролит_темно-серый;427;0,9;0,37935;74
Дерябинская,_5;2711,1;K1sh;алевролит_темно-серый;432;0,84;0,37935;101
Дерябинская,_5;2716,3;K1sh;аргиллит_темно-серый;437;0,97;0,403863;69
Дерябинская,_5;2725,05;K1sh;аргиллит_темно-серый;441;0,99;0,433055;75
Дерябинская,_5;2726,4;K1sh;аргиллит_темно-серый;440;1,13;0,419981;73
Дерябинская,_5;2728,4;K1sh;аргиллит_темно-серый;446;1;0,40208;77
Дерябинская,_5;2737,35;K1sh;аргиллит_темно-серый;445;0,84;0,380464;69
Дерябинская,_5;2738,32;K1sh;аргиллит_темно-серый;450;0,78;0,383435;56
Дерябинская,_5;2740,3;K1sh;аргиллит_темно-серый;453;1,04;0,408245;71
Дерябинская,_5;2741,3;K1sh;аргиллит_темно-серый;436;1,09;0,402451;66
Дерябинская,_5;2742,4;K1sh;аргиллит_темно-серый;437;0,76;0,407057;57
Дерябинская,_5;3025,2;J2-K1gl;аргиллит_тем-сер_(пиритиз.);;0,89;0,423482;
Дерябинская,_5;3025,7;J2-K1gl;аргиллит_тем-сер_(пиритиз.);433;4,32;0,456633;415
Дерябинская,_5;3026,2;J2-K1gl;аргиллит_тем-сер_(пиритиз.);441;2,98;0,598504;361
Дерябинская,_5;3026,7;J2-K1gl;аргиллит_тем-сер_(пиритиз.);429;2,81;0,588144;172
Дерябинская,_5;3027,2;J2-K1gl;аргиллит_тем-сер_(пиритиз.);429;1,73;0,603511;103
Дерябинская,_5;3027,7;J2-K1gl;аргиллит_тем-сер_(пиритиз.);431;2,05;0,638791;118
Дерябинская,_5;3028,2;J2-K1gl;аргиллит_тем-сер_(пиритиз.);436;0,65;0,580662;82
Дерябинская,_5;3028,7;J2-K1gl;аргиллит_тем-сер_(пиритиз.);432;1,97;0,540259;135
Дерябинская,_5;3029,2;J2-K1gl;аргиллит_тем-сер_(пиритиз.);;0,61;0,490647;
Дерябинская,_5;3029,7;J2-K1gl;аргиллит_тем-сер_(пиритиз.);437;1,9;0,468259;219
Дерябинская,_5;3036,1;J2-K1gl;аргиллит_тем-сер_(пиритиз.);437;2,14;0,284835;193
Дерябинская,_5;3036,6;J2-K1gl;аргиллит_тем-сер_(пиритиз.);432;2,57;0,34918;237
Дерябинская,_5;3318;J2ml;черед._алеврол._и_аргиллит.;437;3,22;0,310216;116
Дерябинская,_5;3318,5;J2ml;черед._алеврол._и_аргиллит.;440;3,17;0,297324;97
Дерябинская,_6;2955;J2-K1gl;аргиллит_тем-сер_(пиритиз.);430;1,51;0,9;245
Дерябинская,_6;2955,5;J2-K1gl;аргиллит_тем-сер_(пиритиз.);430;2,13;0,88;284
Дерябинская,_6;2956;J2-K1gl;аргиллит_тем-сер_(пиритиз.);432;2,37;0,9;319
Дерябинская,_6;2956,5;J2-K1gl;аргиллит_тем-сер_(пиритиз.);432;1,2;0,93;179
Дерябинская,_6;2957;J2-K1gl;аргиллит_тем-сер_(пиритиз.);431;2,11;0,96;282
Дерябинская,_6;2957,5;J2-K1gl;аргиллит_тем-сер_(пиритиз.);431;1,67;0,97;145
Дерябинская,_6;2958;J2-K1gl;аргиллит_тем-сер_(пиритиз.);433;1,51;0,95;130
Дерябинская,_6;2958,568;J2-K1gl;аргиллит_тем-сер_(пиритиз.);430;1,69;0,91;221
Дерябинская,_6;2959;J2-K1gl;аргиллит_тем-сер_(пиритиз.);433;1,38;0,85;133
Дерябинская,_6;2959,5969;J2-K1gl;аргиллит_тем-сер_(пиритиз.);434;0,77;0,81;61
Дерябинская,_6;2960;J2-K1gl;аргиллит_тем-сер_(пиритиз.);431;1,55;0,81;146
Дерябинская,_6;2960,5;J2-K1gl;аргиллит_тем-сер_(пиритиз.);433;1,45;0,87;117
Дерябинская,_9;2390,25;K1sh;аргиллит_темно-серый;430;0,7;0,691828;60
Дерябинская,_9;2392,3;K1sh;аргиллит_темно-серый;431;0,66;0,644966;64
Дерябинская,_9;2394,3;K1sh;аргиллит_темно-серый;431;0,61;0,622122;56
Дерябинская,_9;2396,3;K1sh;аргиллит_темно-серый;432;0,56;0,666185;55
Дерябинская,_9;2398,3;K1sh;аргиллит_темно-серый;;0,61;0,678917;
Дерябинская,_9;2634;K1sh;аргиллит_темно-серый;;0,36;0,634853;
Дерябинская,_9;2634,5;K1sh;аргиллит_темно-серый;436;0,45;0,634853;80
Дерябинская,_9;2635;K1sh;аргиллит_темно-серый;;0,51;0,647675;
Дерябинская,_9;2635,5;K1sh;алеврол._т-сер._глинист.;435;1,21;0,637652;83
Дерябинская,_9;3169;J2-K1gl;алеврол._т-сер._глинист.;441;1,06;0,493793;100
Дерябинская,_9;3169,5;J2-K1gl;алеврол._т-сер._глинист.;438;1,44;0,532838;124
Дерябинская,_9;3170;J2-K1gl;алеврол._т-сер._глинист.;438;1,17;0,576021;113
Дерябинская,_9;3170,5;J2-K1gl;алеврол._т-сер._глинист.;439;1,06;0,532838;107
Дерябинская,_9;3171;J2-K1gl;алеврол._т-сер._глинист.;440;1,17;0,549072;123
Дерябинская,_9;3171,5;J2-K1gl;алеврол._т-сер._глинист.;440;1,11;0,574642;128
Дерябинская,_9;3172;J2-K1gl;алеврол._т-сер._глинист.;439;0,96;0,566578;107
Дерябинская,_9;3172,5;J2-K1gl;алеврол._т-сер._глинист.;441;0,93;0,566578;101
Дерябинская,_9;3173;J2-K1gl;алеврол._т-сер._глинист.;439;0,94;0,488382;78
Дерябинская,_9;3173,5;J2-K1gl;алеврол._т-сер._глинист.;439;0,74;0,476287;88
Дерябинская,_9;3174;J2-K1gl;алеврол._т-сер._глинист.;438;1,17;0,465464;103
Дерябинская,_9;3174,5;J2-K1gl;алеврол._т-сер._глинист.;439;0,88;0,430557;76
Дерябинская,_9;3186;J2-K1gl;алеврол._т-сер._глинист.;438;0,91;0,547692;97
Дерябинская,_9;3186;J2-K1gl;алеврол._т-сер._глинист.;440;0,91;0,547692;92
Дерябинская,_9;3187;J2-K1gl;алеврол._т-сер._глинист.;438;0,89;0,539629;83
Дерябинская,_9;3187,5;J2-K1gl;алеврол._т-сер._глинист.;439;0,89;0,495172;96
Дерябинская,_9;3188;J2-K1gl;алеврол._т-сер._глинист.;441;1,28;0,48435;115
Дерябинская,_9;3338;J2ml;алеврол._т-сер._глинист.;441;1,98;0,588117;155
Дерябинская,_9;3340;J2ml;алеврол._т-сер._глинист.;440;1,91;0,56382;94
Дерябинская,_9;3341,9;J2ml;алеврол._т-сер._глинист.;441;1,91;0,604244;130
Дерябинская,_9;3343,95;J2ml;алеврол._т-сер._глинист.;439;2,29;0,662069;139
Дерябинская,_9;3347,95;J2ml;алеврол._т-сер._глинист.;439;2,15;0,186631;131
Дерябинская,_9;3349,8;J2ml;алеврол._т-сер._глинист.;440;1,62;0,299841;125
Озерная,_8;3300,13;J3sg;алевролит_т-сер.;438;0,52;0,743182;46
Озерная,_8;3300,63;J3sg;алевролит_т-сер.;441;0,73;0,783234;47
Озерная,_8;3301,2;J3sg;алевролит_т-сер.;444;0,91;0,710789;43
Озерная,_8;3301,9;J3sg;алевролит_т-сер.;444;1,41;0,634515;63
Озерная,_8;3302,4;J3sg;алевролит_т-сер.;442;0,79;0,582768;51
Озерная,_8;3315,25;J3sg;алевролит_т-сер.;;0,4;0,651281;
Озерная,_8;3315,57;J3sg;алевролит_т-сер.;441;1,09;0,665563;45
Озерная,_8;3316,1;J3sg;алевролит_т-сер.;442;1,02;0,633169;56
Озерная,_8;3316,6;J3sg;алевролит_т-сер.;442;0,86;0,599638;47
Озерная,_8;3317,16;J3sg;алевролит_т-сер.;444;0,86;0,46251;49
Озерная,_8;3317,67;J3sg;алевролит_т-сер.;441;0,87;0,321552;49
Озерная,_8;3318,17;J3sg;алевролит_т-сер.;443;0,65;0,4237;46
Озерная,_8;3318,6;J3sg;алевролит_т-сер.;440;0,72;0,595705;42
Озерная,_8;3319,25;J3sg;алевролит_т-сер.;;0,49;0,745666;
Озерная,_8;3319,6;J3sg;алевролит_т-сер.;;0,49;0,701682;
Озерная,_8;3320,1;J3sg;алевролит_т-сер.;440;0,78;0,66163;45
Озерная,_8;3320,7;J3sg;алевролит_т-сер.;440;0,64;0,59705;48
Озерная,_8;3321,3;J3sg;алевролит_т-сер.;441;0,78;0,523364;56
Озерная,_8;3327,2;J3sg;алевролит_т-сер.;440;0,64;0,652626;47
Озерная,_8;3327,61;J3sg;алевролит_т-сер.;445;1,03;0,678499;74
Озерная,_8;3327,99;J3sg;алевролит_т-сер.;446;1,47;0,699198;72
Озерная,_8;3328,6;J3sg;алевролит_т-сер.;446;1,22;0,641035;70
Озерная,_8;3329,1;J3sg;алевролит_т-сер.;442;1,29;0,659043;67
Озерная,_8;3329,4;J3sg;алевролит_т-сер.;450;1,21;0,630686;74
Озерная,_8;3329,9;J3sg;алевролит_т-сер.;447;1,86;0,647452;97
Озерная,_8;3330,25;J3sg;алевролит_т-сер.;447;2,17;0,541371;74
Озерная,_8;3330,75;J3sg;алевролит_т-сер.;444;1,8;0,457439;79
Озерная,_8;3331,25;J3sg;алевролит_т-сер.;445;2,34;0,382406;86
Озерная,_8;3331,6;J3sg;алевролит_т-сер.;445;1,88;0,378577;74
Озерная,_8;3331,8;J3sg;алевролит_т-сер.;444;2,31;0,365537;71
Озерная,_8;3338,3;J3sg;алевроиты_серые,_черные;445;2,4;0,281501;115
Озерная,_8;3338,74;J3sg;алевроиты_серые,_черные;445;1,84;0,276326;79
Озерная,_8;3339,15;J3sg;алевроиты_серые,_черные;443;1,01;0,229858;62
Озерная,_8;3339,3;J3sg;алевроиты_серые,_черные;447;2,3;0,207814;80
Озерная,_8;3339,9;J3sg;алевроиты_серые,_черные;445;1,45;0,147063;81
Озерная,_8;3340,3;J3sg;алевроиты_серые,_черные;447;1,88;0,106908;115
Озерная,_8;3501,1;J3sg;песчаник_с_просл.аргиллита;447;1,3;0,379819;83
Озерная,_8;3501,66;J3sg;песчаник_с_просл.аргиллита;;0,32;0,328072;
Озерная,_8;3502,36;J3sg;песчаник_с_просл.аргиллита;449;1,71;0,280259;77
Пайяхская,_1;3453,28;J3-K1jan;алевролиты_темно-серые_до_черных;445;0,78;0,445171;142
Пайяхская,_1;3453,8;J3-K1jan;алевролиты_темно-серые_до_черных;441;0,86;0,491009;179
Пайяхская,_1;3455,5;J3-K1jan;алевролиты_темно-серые_до_черных;443;1,22;0,457848;262
Пайяхская,_1;3456,97;J3-K1jan;аргиллиты_черные;439;3;0,426289;238
Пайяхская,_1;3458,24;J3-K1jan;аргиллиты_черные;442;4,35;0,431827;339
Пайяхская,_1;3459,13;J3-K1jan;аргиллиты_черные;439;0,82;0,501218;135
Паютская_1;3317,7;J2-K1gl;алевропелиты_т-серого,__черного_цвета,_слюдистые;445;1,19;0,191877;68
Паютская_1;3318,4;J2-K1gl;алевропелиты_т-серого,__черного_цвета,_слюдистые;;0,43;0,204607;
Паютская_1;3319,1;J2-K1gl;алевропелиты_т-серого,__черного_цвета,_слюдистые;436;1,08;0,204158;27
Паютская_1;3320,7;J2-K1gl;алевропелиты_т-серого,__черного_цвета,_слюдистые;;0,71;0,209674;
Паютская_1;3322,2;J2-K1gl;алевропелиты_т-серого,__черного_цвета,_слюдистые;439;0,62;0,14953;42
Паютская_1;3325,1;J2-K1gl;алевропелиты_т-серого,__черного_цвета,_слюдистые;;0,39;0,098498;
Паютская_1;3326,4;J2-K1gl;алевропелиты_т-серого,__черного_цвета,_слюдистые;;0,41;0,161246;
Паютская_1;3334;J2-K1gl;алевропелиты_т-серого,__черного_цвета,_слюдистые;;0,43;0,195025;
Паютская_1;3335,85;J2-K1gl;алевропелиты_т-серого,__черного_цвета,_слюдистые;;0,4;0,209779;
Паютская_1;3336,4;J2-K1gl;алевропелиты_т-серого,__черного_цвета,_слюдистые;442;1,49;0,193625;103
Паютская_1;3338,8;J2-K1gl;алевропелиты_т-серого,__черного_цвета,_слюдистые;445;1,15;0,218572;92
Паютская_1;3340,25;J2-K1gl;алевропелиты_т-серого,__черного_цвета,_слюдистые;443;1,19;0,230172;85
Паютская_1;3341,45;J2-K1gl;алевропелиты_т-серого,__черного_цвета,_слюдистые;444;1,32;0,200589;71
Паютская_1;3342,7;J2-K1gl;алевропелиты_т-серого,__черного_цвета,_слюдистые;443;0,95;0,193898;77
Паютская_1;3351,95;J2-K1gl;алевропелиты_темно-серого_цвета,_глинистые;446;0,81;0,211439;74
Паютская_1;3353,9;J2-K1gl;алевропелиты_темно-серого_цвета,_глинистые;445;0,53;0,184056;57
Паютская_1;3356;J2-K1gl;алевропелиты_темно-серого_цвета,_глинистые;445;0,64;0,182979;61
Паютская_1;3357,9;J2-K1gl;алевропелиты_темно-серого_цвета,_глинистые;446;0,84;0,198179;77
Паютская_1;3360,25;J2-K1gl;алевропелиты_темно-серого_цвета,_глинистые;443;0,86;0,194705;86
Паютская_1;3368,3;J2-K1gl;алевропелиты_т-серого,__черного_цвета,_глинистые;445;1,14;0,228137;104
Паютская_1;3370,3;J2-K1gl;алевропелиты_т-серого,__черного_цвета,_глинистые;444;1,02;0,228786;87
Паютская_1;3372,4;J2-K1gl;алевропелиты_т-серого,__черного_цвета,_глинистые;443;0,96;0,253986;80
Паютская_1;3374,3;J2-K1gl;алевропелиты_т-серого,__черного_цвета,_глинистые;445;1,24;0,253347;88
Паютская_1;3375,8;J2-K1gl;алевропелиты_т-серого,__черного_цвета,_глинистые;446;0,94;0,158361;78
Паютская_1;3691,3;J2ln;алевропелиты_темно-серого_цвета;458;1,18;0,124133;67
Паютская_1;3694,55;J2ln;алевропелиты_серого_цвета;459;1,16;0,083716;59
Паютская_1;3697,75;J2ln;алевропелиты_темно-серого_цвета;462;1,86;0,165456;69
Паютская_1;3706,3;J2ln;аргиллиты_т-серого,_черного_цвета,_глинистые;459;2,27;0,243758;93
Паютская_1;3708,1;J2ln;аргиллиты_т-серого,_черного_цвета,_глинистые;462;2,02;0,230537;68
Паютская_1;3709,9;J2ln;аргиллиты_т-серого,_черного_цвета,_глинистые;456;1,42;0,269519;51
Паютская_1;3723,2;J2ln;аргиллиты_т-серого,_черного_цвета,_глинистые;461;2,17;0,24167;68
Паютская_1;3726,25;J2ln;аргиллиты_т-серого,_черного_цвета,_глинистые;461;1,48;0,241123;56
Паютская_1;3730,15;J2ln;аргиллиты_т-серого,_черного_цвета,_глинистые;461;1,61;0,313884;68
Паютская_1;3734,4;J2ln;аргиллиты_т-серого,_черного_цвета,_глинистые;460;1,57;0,252642;66
Паютская_1;3736,5;J2ln;аргиллиты_т-серого,_черного_цвета,_глинистые;455;1,37;0,278414;51
Паютская_1;3739,8;J2ln;аргиллиты_т-серого,_черного_цвета,_глинистые;460;1,31;0,222589;50
Паютская_1;3750,7;J2ln;аргиллиты_т-серого,_черного_цвета,_глинистые;461;1,49;0,28807;75
Паютская_1;3752,6;J2ln;аргиллиты_т-серого,_черного_цвета,_глинистые;462;2,14;0,287989;83
Паютская_1;3754,7;J2ln;аргиллиты_т-серого,_черного_цвета,_глинистые;456;1,47;0,301516;43
Паютская_1;3764,2;J2ln;аргиллиты_т-серого,_черного_цвета,_глинистые;463;1,42;0,283972;65
Паютская_1;3767,3;J2ln;аргиллиты_т-серого,_черного_цвета,_глинистые;453;1,62;0,290168;33
Среднеяровская_4;3289;J2-K1gl_;алевролит_темно-серый;451;0,5;0,68;64
Среднеяровская_4;3290;J2-K1gl_;алевролит_темно-серый;;0,35;0,66;
Среднеяровская_4;3291;J2-K1gl_;алевролит_темно-серый;436;0,49;0,6;63
Среднеяровская_4;3292;J2-K1gl_;алевролит_темно-серый;443;0,76;0,54;83
Среднеяровская_4;3293;J2-K1gl_;алевролит_темно-серый;450;0,82;0,56;87
Среднеяровская_4;3294;J2-K1gl_;алевролит_темно-серый;444;0,78;0,66;64
Среднеяровская_4;3295;J2-K1gl_;алевролит_темно-серый;436;0,86;0,64;108
Среднеяровская_4;3296;J2-K1gl_;алевролит_темно-серый;444;1,6;0,59;92
Среднеяровская_4;3297;J2-K1gl_;алевролит_темно-серый;445;1,26;0,62;81
Среднеяровская_4;3298;J2-K1gl_;алевролит_темно-серый;445;1,2;0,66;72
Среднеяровская_4;3302;J2-K1gl_;алевролит_темно-серый;442;1,02;0,62;79
Среднеяровская_4;3303;J2-K1gl_;алевролит_темно-серый;444;0,98;0,54;108
Среднеяровская_4;3304;J2-K1gl_;алевролит_темно-серый;443;0,94;0,5;85
Среднеяровская_4;3305;J2-K1gl_;алевролит_темно-серый;450;0,85;0,49;102
Среднеяровская_4;3306;J2-K1gl_;алевролит_темно-серый;441;0,93;0,56;102
Среднеяровская_4;3307;J2-K1gl_;алевролит_темно-серый;443;0,95;0,57;112
Среднеяровская_4;3308;J2-K1gl_;алевролит_темно-серый;447;0,89;0,56;74
Среднеяровская_4;3309;J2-K1gl_;алевролит_темно-серый;439;0,84;0,54;71
Среднеяровская_4;3310;J2-K1gl_;алевролит_темно-серый;444;0,88;0,49;61
Среднеяровская_4;3311;J2-K1gl_;алевролит_темно-серый;441;0,6;0,48;58
Среднеяровская_4;3312;J2-K1gl_;алевролит_темно-серый;449;0,98;0,51;92
Среднеяровская_4;3313;J2-K1gl_;алевролит_темно-серый;442;0,78;0,47;85
Среднеяровская_4;3314;J2-K1gl_;алевролит_темно-серый;442;0,7;0,53;91
Сузунская_4;3220;J3sg;алевролиты_темно-серые;434;1,71;0,508367;175
Сузунская_4;3220,5;J3sg;алевролиты_темно-серые;434;2,06;0,472681;187
Сузунская_4;3221;J3sg;алевролиты_темно-серые;433;2,1;0,513306;196
Сузунская_4;3221,5;J3sg;алевролиты_темно-серые;437;2,36;0,510585;281
Сузунская_4;3222;J3sg;алевролиты_темно-серые;434;1,67;0,53377;183
Сузунская_4;3222,5;J3sg;алевролиты_темно-серые;434;1,69;0,506956;188
Сузунская_4;3223;J3sg;алевролиты_темно-серые;433;2,21;0,546673;214
Сузунская_4;3223,5;J3sg;алевролиты_темно-серые;432;2,62;0,509778;256
Сузунская_4;3224;J3sg;алевролиты_темно-серые;435;2,35;0,521673;253
Сузунская_4;3224,5;J3sg;алевролиты_темно-серые;423;2,11;0,523488;230
Сузунская_4;3235;J3sg;аргиллиты_черные;427;1,67;0,514617;157
Сузунская_4;3235,5;J3sg;аргиллиты_черные;425;4,09;0,490524;190
Сузунская_4;3236;J3sg;аргиллиты_черные;427;3,39;0,604839;307
Сузунская_4;3236,5;J3sg;аргиллиты_черные;432;4,72;0,725706;177
Сузунская_4;3237;J3sg;аргиллиты_черные;437;3,37;0,754839;174
Сузунская_4;3237,5;J3sg;аргиллиты_черные;439;2,75;0,789415;172
Сузунская_4;3238;J3sg;аргиллиты_черные;441;2,38;0,784173;324
Сузунская_4;3238,5;J3sg;аргиллиты_черные;444;1,62;0,755544;128
Сузунская_4;3239;J3sg;аргиллиты_черные;435;1,32;0,75373;92
Сузунская_4;3239,5;J3sg;аргиллиты_черные;436;1,18;0,78498;159
Сузунская_4;3240;J3sg;аргиллиты_черные;434;1,07;0,774698;70
Турковская_1;3043,15;J2-K1gl;алевролит_темно-серый,_плотный,_слюдистый;434;0,94;0,68;162
Турковская_1;3044,15;J2-K1gl;алевролит_темно-серый,_плотный,_слюдистый;433;0,86;0,72;131
Турковская_1;3046,65;J2-K1gl;алевролит_темно-серый,_плотный,_слюдистый;435;0,98;0,71;131
Турковская_1;3137,7;J2-K1gl;алевролит_темно-серый;437;1,87;0,5;278
Турковская_1;3139,79;J2-K1gl;алевролит_темно-серый;436;3,05;0,5;320
Турковская_1;3141,75;J2-K1gl;аргиллит_темно-серый;437;2,89;0,48;236
Турковская_1;3144,3;J2-K1gl;аргиллит_темно-серый;441;5,07;0,52;365
Турковская_1;3150;J2-K1gl;аргиллит_темно-серый_до_черного;438;2,29;0,56;156
Турковская_1;3151,35;J2-K1gl;аргиллит_темно-серый_до_черного;440;3,42;0,56;218
Турковская_1;3153,8;J2-K1gl;аргиллит_темно-серый_до_черного;439;3,61;0,41;168
Турковская_1;3155,3;J2-K1gl;аргиллит_темно-серый_до_черного;441;2,39;0,48;143
Турковская_1;3158,35;J2-K1gl;аргиллит_темно-серый_до_черного;441;2,65;0,56;212
Турковская_1;3160,6;J2-K1gl;аргиллит_темно-серый_до_черного;441;2,25;0,51;180
Турковская_1;3272,25;J2-K1gl;алевролит_темно-серый;445;0,91;0,47;82
Турковская_1;3276;J2-K1gl;алевролит_темно-серый;444;0,78;0,47;64
Турковская_1;3276,4;J2-K1gl;алевролит_темно-серый;444;1,46;0,48;121
Турковская_1;3277,2;J2-K1gl;алевролит_темно-серый;444;1,27;0,42;106
Турковская_1;3340,4;J2ml;алевролит_темно-серый_известково-глинистый;445;0,69;0,55;83
Турковская_1;3354,7;J2ml;пересл._алевролитов,_аргиллитов_и_песчаников;447;3,05;0,35;168
Турковская_1;3355,73;J2ml;пересл._алевролитов,_аргиллитов_и_песчаников;446;2,27;0,36;124
Турковская_1;3356,4;J2ml;пересл._алевролитов,_аргиллитов,_редко_песчаников;447;2,07;0,31;95
Турковская_1;3358,2;J2ml;пересл._алевролитов,_аргиллитов,_редко_песчаников;443;10,06;0,47;181
Турковская_1;3416,4;J2ml;аргиллит_темно-серый_с_углистым_материалом;449;19,31;0,67;302
Турковская_1;3504,45;J2ml;пересл._алевролита,_песчаника_и_аргиллита,_детрит;453;1,36;0,55;102
Турковская_1;3505,3;J2ml;пересл._алевролита,_песчаника_и_аргиллита,_детрит;451;6,51;0,55;228
Ушаковская_1;3071,05;J2-K1gl;аргиллит_черный;436;1,44;0,9;274
Ушаковская_1;3072,35;J2-K1gl;аргиллит_черный;437;2,26;0,97;350
Ушаковская_1;3073,5;J2-K1gl;аргиллит_черный;436;1,9;0,91;293
Ушаковская_1;3074,5;J2-K1gl;аргиллит_черный;434;1,93;0,93;282
Ушаковская_1;3075,55;J2-K1gl;аргиллит_черный;436;1,69;0,97;251
Ушаковская_1;3076,65;J2-K1gl;аргиллит_черный;435;1,4;0,94;232
Ушаковская_1;3078,05;J2-K1gl;аргиллит_черный;434;2,58;0,83;188
Ушаковская_1;3079,15;J2-K1gl;аргиллит_черный;437;2,55;0,94;295
Ушаковская_1;3085,2;J2-K1gl;аргиллит_черный;438;1,67;0,88;256
Ушаковская_1;3086,2;J2-K1gl;аргиллит_черный;436;1,75;0,9;282
Ушаковская_1;3087,47;J2-K1gl;аргиллит_черный;436;1,52;0,76;247
Ушаковская_1;3088,8;J2-K1gl;аргиллит_черный;436;1,54;0,9;221
Ушаковская_1;3166,6;J2-K1gl;аргиллит_темно-серый;;0,39;0,61;
Ушаковская_1;3168,02;J2-K1gl;аргиллит_темно-серый;438;0,99;0,56;62
Ушаковская_1;3169,1;J2-K1gl;аргиллит_темно-серый;439;4,08;0,51;219
Ушаковская_1;3170,12;J2-K1gl;аргиллит_темно-серый;433;3,41;0,47;120
Ушаковская_1;3281,52;J2ml;углисто-глинистый_материал_в_песчанике;431;18,05;0,51;217
Ушаковская_1;3283,65;J2ml;углисто-глинистый_материал_в_песчанике;439;2,54;0,45;144
Ушаковская_1;3285,68;J2ml;алевролит_аргиллитистый_;444;1,52;0,54;96
Ушаковская_1;3286,56;J2ml;алевролит_аргиллитистый_;440;7,3;0,53;179
Ушаковская_1;3295,3;J2ml;пересл._алеврол._бур-серого_с_аргилл._чер.;446;1,37;0,54;107
Ушаковская_1;3298;J2ml;пересл._алеврол._бур-серого_с_аргилл._чер.;444;1,94;0,51;108
Ушаковская_1;3298,5;J2ml;пересл._алеврол._бур-серого_с_аргилл._чер.;441;5,05;0,51;137
Ушаковская_1;3299,6;J2ml;пересл._алеврол._бур-серого_с_аргилл._чер.;444;2,04;0,34;109
Ушаковская_1;3301,9;J2ml;пересл._алеврол._бур-серого_с_аргилл._чер.;445;2,52;0,52;148
Ушаковская_1;3381,03;J2ml;пересл._серого_алевролита_и_черн._аргиллита;446;1,24;0,43;115
Ушаковская_1;3383,1;J2ml;пересл._серого_алевролита_и_черн._аргиллита;447;0,72;0,46;94
Ушаковская_1;3385,73;J2ml;пересл._серого_алевролита_и_черн._аргиллита;447;0,72;0,52;86
Ушаковская_1;3386,64;J2ml;пересл._серого_алевролита_и_черн._аргиллита;447;1,1;0,46;100
Ушаковская_1;3485,1;J2ml;переслаивание_алевролита_и_аргиллита;451;1,33;0,32;100
Ушаковская_1;3489,9;J2ml;аргиллит_черный;453;1,52;0,32;126
Ушаковская_1;3494,14;J2ml;песчаник_алевритистый_с_улист_детритом;452;0,6;0,36;68
Ушаковская_1;3495,7;J2ml;песчаник_алевритистый_с_улист_детритом;;0,22;0,39;
Ушаковская_1;3501,13;J2ml;прослой_глинист.алевролита_в_песчанике;446;3,51;0,54;149
Ушаковская_1;3503,88;J2ml;алевролит_серый;452;0,83;0,6;86
Ушаковская_1;3506,3;J2ml;алевролит_серый;456;0,62;0,56;69
Ушаковская_1;3508,3;J2ml;аргиллит_с_прослоями_песчан._и_алеврол.;451;1,29;0,52;70
Ушаковская_1;3510,25;J2ml;аргиллит_с_прослоями_песчан._и_алеврол.;449;2,87;0,52;100
Ушаковская_1;3512,1;J2ml;аргиллит_с_прослоями_песчан._и_алеврол.;453;1,61;0,48;106
Ушаковская_1;3707,5;J2ln;аргиллит_черный;459;1,42;0,52;60
Ушаковская_1;3710,04;J2ln;аргиллит_черный;456;3,46;0,51;125
Ушаковская_1;3711,73;J2wm;аргиллит_с_прослоями_песчан._и_алеврол.;458;3,2;0,5;129
Ушаковская_1;3713,96;J2wm;аргиллит_с_прослоями_песчан._и_алеврол.;456;7,31;0,47;173
Ушаковская_1;3724;J2wm;прослои_алевролита_в_песчанике;459;2,67;0,34;86
Ушаковская_1;3725,3;J2wm;прослои_алевролита_в_песчанике;461;1,43;0,25;110
Ушаковская_1;3726,5;J2wm;прослои_алевролита_в_песчанике;455;3,07;0,28;116
Ушаковская_1;3739;J2wm;пересл._т-сер._алевролита_и_песчаника;457;2,67;0,4;106
Ушаковская_1;3740,27;J2wm;пересл._т-сер._алевролита_и_песчаника;462;0,8;0,44;66
Ушаковская_1;3741,3;J2wm;пересл._т-сер._алевролита_и_песчаника;459;2,82;0,48;89
Ушаковская_1;3743,1;J2wm;пересл._т-сер._алевролита_и_песчаника;461;1,97;0,41;81
Ушаковская_1;3744,5;J2wm;пересл._т-сер._алевролита_и_песчаника;457;2,64;0,5;62
Ушаковская_1;3753,6;J2wm;пересл._т-сер._алевролита_и_песчаника;458;3,66;0,41;152
Ушаковская_1;3754,98;J2wm;пересл._т-сер._алевролита_и_песчаника;459;1,95;0,43;112
Ушаковская_1;3756,7;J2wm;пересл._т-сер._алевролита_и_песчаника;457;2,77;0,32;114
Ушаковская_1;3758,35;J2wm;пересл._т-сер._алевролита_и_песчаника;459;2,09;0,48;93
Ушаковская_1;3758,85;J2wm;пересл._т-сер._алевролита_и_песчаника;461;1,62;0,44;84
Ушаковская_1;3764,1;J2wm;пересл._т-сер._алевролита_и_песчаника;461;1,7;0,48;92
Ушаковская_1;3766;J2wm;пересл._т-сер._алевролита_и_песчаника;459;2,65;0,44;100
Ушаковская_1;3767,68;J2wm;пересл._т-сер._алевролита_и_песчаника;462;2,08;0,43;78
Ушаковская_1;3769,25;J2wm;пересл._т-сер._алевролита_и_песчаника;459;2,39;0,44;96
Ушаковская_1;3777,04;J2wm;песчан._с_просл._т-сер_алевр.матер,_углист.;464;1,38;0,46;80
Ушаковская_1;3780,13;J2wm;песчан._с_просл._т-сер_алевр.матер,_углист.;;0,33;0,4;
Ушаковская_1;3782,6;J2wm;песчан._с_просл._т-сер_алевр.матер,_углист.;467;1,81;0,46;76
Ушаковская_1;3782,93;J2wm;песчан._с_просл._т-сер_алевр.матер,_углист.;462;1,88;0,45;80
Ушаковская_1;3805,44;J2wm;алевролит_темно-серого_цвета;462;1,73;0,54;84
Ушаковская_1;3806,14;J2wm;алевропесчаник_с_углист_материалом;459;5,07;0,6;146
Ушаковская_1;3806,87;J2wm;алевропесчаник_с_углист_материалом;460;4,88;0,48;168
Ушаковская_1;3808,5;J2wm;алевропесчаник_с_углист_материалом;464;1,62;0,42;79
Ушаковская_1;3811,55;J2wm;алевропесчаник_с_углист_материалом;463;7,31;0;162
Ушаковская_1;3814,45;J2wm;алевропесчаник_с_углист_материалом;460;2,15;0;101
Ушаковская_1;3815,65;J2wm;алевропесчаник_с_углист_материалом;463;1,95;0;81
Хабейская_1;2007,14;J2-K1gl;алевролит_темно-серый,_глинистый;435;1,2;0,518017;93
Хабейская_1;2008;J2-K1gl;алевролит_темно-серый,_глинистый;435;1,31;0,564154;96
Хабейская_1;2009;J2-K1gl;алевролит_темно-серый,_глинистый;432;1,22;0,595814;86
Хабейская_1;2010;J2-K1gl;алевролит_темно-серый,_глинистый;433;1,43;0,562518;85
Хабейская_1;2012;J2-K1gl;алевролит_темно-серый,_глинистый;434;1,17;0,522801;63
Хабейская_1;2016,3;J2-K1gl;алевролит_темно-серый,_глинистый;433;1,86;0,586373;116
Хабейская_1;2020,35;J2-K1gl;алевролит_темно-серый,_глинистый;434;1,09;0,533879;68
Хабейская_1;2021,05;J2-K1gl;алевролит_темно-серый,_глинистый;435;0,67;0,527522;94
Хабейская_1;2023,55;J2-K1gl;алевролит_темно-серый,_глинистый;430;1,79;0,417939;101
Южно-Носковская_318;2730,6;K1sh;алевролиты_мелкозернистые,_темно-серые;448;0,63;0,21;54
Южно-Носковская_318;2732,45;K1sh;алевролиты_мелкозернистые,_темно-серые;440;0,72;0,24;54
Южно-Носковская_318;2734,45;K1sh;алевролиты_мелкозернистые,_темно-серые;441;0,84;0,24;54
Южно-Носковская_318;2810,4;K1sh;алевролиты_темно-серые;439;0,85;0,23;68
Южно-Носковская_318;2811,6;K1sh;алевролиты_темно-серые;439;1,01;0,25;61
Южно-Носковская_318;2813,5;K1sh;алевролиты_темно-серые;441;1,16;0,21;66
Южно-Носковская_318;2816,5;K1sh;алевролиты_темно-серые;432;0,79;0,26;61
Южно-Носковская_318;2820,6;K1sh;алевролиты_темно-серые;447;0,93;0,23;75
Южно-Носковская_318;2894,5;K1sh;алевролиты_серые;443;0,58;0,19;86
Южно-Носковская_318;2905,8;K1sh;алевролиты_серые;;0,22;0,23;
Южно-Носковская_318;3290;K1sh;аргиллит_алевритистый;437;1,12;0,26;96
Южно-Носковская_318;3291,7;K1sh;аргиллит_алевритистый;438;0,93;0,24;94
Южно-Носковская_318;3294,65;K1sh;аргиллит_алевритистый;447;0,54;0,29;78
Южно-Носковская_318;3295,8;K1sh;аргиллит_алевритистый;444;0,77;0,27;71
Южно-Носковская_318;3298,7;K1sh;аргиллит_алевритистый;447;0,51;0,23;65
Южно-Носковская_318;3323,05;K1sh;аргиллит_алевритист,_черный;443;0,94;0,29;80
Южно-Носковская_318;3325,4;K1sh;аргиллит_алевритист,_черный;447;0,96;0,29;71
Южно-Носковская_318;3327,3;K1sh;аргиллит_алевритист,_черный;447;1,02;0,27;75
Южно-Носковская_318;3329,1;K1sh;аргиллит_алевритист,_черный;448;0,96;0,27;73
Южно-Носковская_318;3330,6;K1sh;аргиллит_алевритист,_черный;448;0,9;0,29;66
Южно-Носковская_318;3332,5;K1sh;аргиллит_алевритист,_черный;450;0,68;0,26;66
Южно-Носковская_318;3379,3;K1sh;аргиллит_алевритист,_черный;445;1,16;0,31;61
Южно-Носковская_318;3381,68;K1sh;аргиллит_алевритист,_черный;439;0,84;0,29;49
Южно-Носковская_318;3384,3;K1sh;аргиллит_алевритист,_черный;444;1,04;0,28;72
Южно-Носковская_318;3479,1;K1sh;алевролиты_серые;448;1,14;0,25;69
Южно-Носковская_318;3481,1;K1sh;алевролиты_серые;449;0,57;0,23;44
Южно-Носковская_318;3482,85;K1sh;алевролиты_серые;445;1,18;0,27;55
Южно-Носковская_318;3978,3;J2-K1gl;алевролиты_темно-серые;;0,26;0,14;
Южно-Носковская_318;3983,5;J2-K1gl;алевролиты_темно-серые;;0,49;0,13;
Южно-Носковская_318;3986,54;J2-K1gl;алевролиты_темно-серые;;0,65;0,15;
Южно-Носковская_318;3989;J2-K1gl;алевролиты_темно-серые;470;0,93;0,14;40
Южно-Носковская_318;3996,5;J2-K1gl;алевролиты_темно-серые;473;0,98;0,16;53
Южно-Носковская_318;3999,15;J2-K1gl;алевролиты_темно-серые;476;0,69;0,17;43
Южно-Носковская_318;4001,6;J2-K1gl;алевролиты_темно-серые;474;0,75;0,18;43
Южно-Носковская_318;4002,9;J2-K1gl;алевролиты_темно-серые;472;1,06;0,17;48
Южно-Носковская_318;4004,55;J2-K1gl;алевролиты_темно-серые;476;0,95;0,17;48
Южно-Носковская_318;4008;J2-K1gl;алевролиты_темно-серые;467;1,3;0,21;49
Южно-Носковская_318;4009,7;J2-K1gl;алевролиты_темно-серые;472;1,11;0,21;50
Южно-Носковская_318;4011,75;J2-K1gl;алевролиты_темно-серые;467;0,84;0,19;44
Южно-Носковская_318;4014,9;J2-K1gl;алевропелиты_темно-серые;472;1,57;0,2;36
Южно-Носковская_318;4016;J2-K1gl;алевропелиты_темно-серые;464;1,43;0,19;45
Южно-Носковская_318;4017,8;J2-K1gl;алевропелиты_темно-серые;471;1,1;0,21;50
Южно-Носковская_318;4021;J2-K1gl;алевропелиты_темно-серые;476;1,17;0,22;56
Южно-Носковская_318;4025,2;J2-K1gl;алевропелиты_темно-серые;477;1,18;0,24;42
Южно-Носковская_318;4026,8;J2-K1gl;алевропелиты_темно-серые;458;2,98;0,23;32
Южно-Носковская_318;4030,4;J2ml;алевропелиты_темно-серые;476;2,95;0,21;60
Южно-Носковская_318;4032,3;J2ml;алевропелиты_темно-серые;473;1,21;0,15;40
Южно-Носковская_318;4140,78;J2ml;песчаник_с_просл.углист.матер.;482;1,84;0,24;60
Южно-Носковская_318;4158,05;J2ml;алевролиты_темно-серые;484;2,36;0,14;50
Южно-Носковская_318;4158,87;J2ml;алевролиты_темно-серые;483;2,52;0,14;58
Южно-Носковская_318;4187,5;J2ml;алевролиты_серые;484;1,32;0,09;44
